{"Bots": {}, "DPicture": false, "LikeOn": false, "Maxlimit": 5, "Unsend": false, "ablacklist": false, "abots": false, "addadmin": false, "admin": {"u8ed5967e373e635a75306ca66747363a": true}, "autoAdd": false, "autoJoin": true, "autoJoinTicket": false, "autoRead": false, "cPicture": {}, "checkPost": false, "checkmid": false, "comment": "autoLike by : LeaBots-VersioN \n\n| READY RENT BOT:\n\n| PROTECTION BOT\n| SELF WAR BOT\n| SELF ONLY\n\n|  line.me/ti/p/~zie_rockstar  | ", "contact": false, "dblacklist": false, "dbots": false, "deladmin": false, "detectMention": false, "gPicture": {}, "intaPoint": {}, "keyCmd": "", "leaveMsg": {}, "leftmsg": "", "limit": 1, "maxlimit": 1, "mention": "", "message": "", "msgTag": "", "proCancel": {}, "proInvite": {}, "proKick": {}, "proqr": {}, "readMember": {}, "readPoint": {}, "sambutan": "", "selfbot": true, "siderMsg": "", "spamMsg": "", "sticker": false, "welcome": {}}