{"Bots": {"u7f80004cd55671b773ceec1278b201b3": true, "u15c71494234964dac905f190f2ec2660": true, "u9efe3ded7795fde3c8e9703d0378d0cd": true, "u6b150ac2ab52be1961e3ad77d2bc5b91": true, "u95437aa8024bef5f3b0b00893412b2bd": true, "u3afc60ba3f60555c422c20d1122c3237": true, "ue1491c072f570f8b0baaeb9ad4bba90b": true, "u8ed5967e373e635a75306ca66747363a": true, "u74a5c9c9b837588d94161f834b3d721d": true, "u770a365010937c11f9b73cbd25fb4545": true, "u7d6fa92f9728e947f375d9c084b20597": true, "uab3e4580d2ad4e9d0361d41849d16a7f": true, "ue4b0d8e0ed81de435aa1675f2838a738": true, "uedefd6f4b7a4766e80a4d0c21bbe2af9": true, "uf03121beb2e01cbcac2f49dbb5259475": true, "uf5ae7869a686ba81cbd2d6df0f61e044": true, "uff589a9892cea49b86e1cdc1bef07d95": true}, "DPicture": false, "LikeOn": true, "Unsend": false, "ablacklist": false, "abots": false, "addadmin": false, "admin": {"u7f80004cd55671b773ceec1278b201b3": true, "u15c71494234964dac905f190f2ec2660": true, "u9efe3ded7795fde3c8e9703d0378d0cd": true, "u6b150ac2ab52be1961e3ad77d2bc5b91": true, "u95437aa8024bef5f3b0b00893412b2bd": true, "u3afc60ba3f60555c422c20d1122c3237": true, "ue1491c072f570f8b0baaeb9ad4bba90b": true}, "autoAdd": false, "autoJoin": true, "autoJoinTicket": false, "autoRead": false, "cPicture": {}, "checkPost": false, "checkmid": false, "comment": "autoLike by : LeaBots-VersioN \n\n| READY RENT BOT:\n\n| PROTECTION BOT\n| SELF WAR BOT\n| SELF ONLY\n\n|line.me/ti/p/~zie_rockstar| ", "contact": false, "dblacklist": false, "dbots": false, "deladmin": false, "detectMention": false, "gPicture": {}, "group": {}, "intaPoint": {}, "keyCmd": "", "leaveMsg": {}, "leftmsg": "", "limit": 1, "maxlimit": 1, "mention": "", "message": "", "msgTag": "", "proCancel": {}, "proInvite": {}, "proKick": {}, "proqr": {}, "readMember": {}, "readPoint": {}, "sambutan": "", "selfbot": true, "siderMsg": "", "spamMsg": "", "sticker": false, "welcome": {}}